File ID,Date,Time,Vehicle 1 Year of Manufacturing,Vehicle 1 Make,Vehicle 1 Model,City of Accident,Vehicle 1 was Moving,Vehicle 1 was Stopped in Traffic,Number of Vehicles involved in Accident (w V1),Vehicle Damage,Vehicle 2 Model,Vehicle 2 Year of Manufacturing,Vehicle 2 was Moving,Vehicle 2 was Stopped in Traffic,Pedestrian Involved in Accident (w V2),Bicyclist involved in Accident (w V2),Any other involved entity (w V2),Number of Vehicles involved in Accident (w V2),Car Mode,Description,Weather Vehicle 2,Lighting Vehicle 2,Roadway Surface Vehicle 2,Roadway Conditions Vehicle 1,Roadway Conditions Vehicle 2,Movement Preceding Collision Vehicle 2,Type of Collison Vehicle 1,Type of Collison Vehicle 2,Other Factors,Clear,Cloudy,Fog/Visibility/Dark,Raining,Lighting Vehicle 1_Dark,Lighting Vehicle 1_Daylight,Road_Dry,Road_Wet,Movement Preceding Collision Vehicle 1_Backing,Movement Preceding Collision Vehicle 1_Moving on Highway,Movement Preceding Collision Vehicle 1_Parking,Movement Preceding Collision Vehicle 1_Proceeding Straight,Movement Preceding Collision Vehicle 1_Stopped,Movement Preceding Collision Vehicle 1_Turning,External_factors,Manufacturer_apple,Manufacturer_cruise,Manufacturer_google,Manufacturer_other,Manufacturer_waymo,Manufacturer_zoox,Rear Damage,Front Damage,Right Side Damage,Left Side Damage,Inside Damage
cruise_09112023.pdf,09/11/2023,5:32 PM,2022,Cruise,AV,San Francisco,0,1,2.0,Minor,Delivery truck,Not Available,Yes,No,No,No,No,2,Autonomous Mode,"A Cruise autonomous vehicle (""AV""), operating in driverless autonomous mode, was at a complete stop in response to a red light on eastbound Bush Street in the second leftmost lane at the intersection with Sansome Street. As the AV attempted to maneuver into the left turn lane, the AV slowed to a complete stop. A delivery truck traveling behind and to the left of the AV proceeded forward and attempted to drive past the AV on the left. Shortly thereafter, the delivery truck made contact with the AV, damaging the AV’s front driver side bumper fascia and front driver side wheel opening molding. The driver of the delivery truck left the scene without exchanging information. There were no reported injuries.",Clear,Daylight,Dry,No unusual conditions,No unusual conditions,Proceeding Straight,Side Swipe,Side Swipe,None Apparent,1,0,0,0,0,1,1,0,0,0,0,0,1,0,0,0,1,0,0,0,0,0,1,0,1,0
cruise_09252023.pdf,09/25/2023,9:37 AM,2020,Cruise,AV,San Francisco,1,0,2.0,Minor,Voyager,2021,No,No,No,No,Parked,2,Conventional Mode,"A Cruise autonomous vehicle (""AV""), operating in manual mode, was traveling northbound on 25th Avenue between California Street and Clement Street. The AV operator improperly engaged from manual into autonomous mode while the AV was in motion, temporarily causing the AV to steer to the right. The AV operator then disengaged from autonomous mode into manual mode, and shortly thereafter, the AV made contact with an unoccupied and parked red Chrysler Voyager. This caused damage to the AV’s front passenger side bumper fascia. The AV operator left contact information for the other party and there were no reported injuries.",Clear,Daylight,Dry,No unusual conditions,No unusual conditions,Parking,Side Swipe,Side Swipe,None Apparent,1,0,0,0,0,1,1,0,0,0,0,1,0,0,0,0,1,0,0,0,0,0,1,1,0,0
cruise_09272023.pdf,09/27/2023,8:42 AM,2023,Cruise,AV,San Francisco,1,0,2.0,Minor,Model 3,2018,Yes,No,No,No,No,2,Autonomous Mode,"A Cruise autonomous vehicle (“AV”), operating in driverless autonomous mode, was traveling northbound on 2nd Street between Stillman Street and Bryant Street. As the AV was approaching the intersection with Stillman Street, a blue Model 3 Tesla exited out of a parking garage into the AV’s lane of travel. The AV braked and, shortly thereafter, the AV made contact with the Model 3 Tesla, damaging the AV’s front bumper fascia and front passenger side wheel opening molding. The driver of the Model 3 Tesla left the scene without exchanging information. There were no reported injuries. The driver of the Model 3 Tesla later reported damages.",Clear,Daylight,Dry,No unusual conditions,No unusual conditions,Proceeding Straight,Head-On,Broadside,None Apparent,1,0,0,0,0,1,1,0,0,0,0,1,0,0,0,0,1,0,0,0,0,0,1,1,0,0
cruise_10062023.pdf,10/06/2023,11:37 AM,2023,Cruise,AV,San Francisco,0,1,2.0,Minor,Metris,2018,Yes,No,No,No,No,2,Autonomous Mode,"A Cruise autonomous vehicle (""AV""), operating in driverless autonomous mode, was stopped for a passenger pick-up in the AV’s lane of travel on northbound Scott Street between Oak Street and Page Street. After picking up the passenger while the AV remained stopped, a white Mercedes-Benz Metris reversed out of a driveway and made contact with the AV, damaging the AV’s front driver side door and front driver side auxiliary mirror. The parties exchanged information and there were no reported injuries.",Clear,Daylight,Dry,No unusual conditions,No unusual conditions,Backing,Broadside,Rear End,None Apparent,1,0,0,0,0,1,1,0,0,0,0,0,1,0,0,0,1,0,0,0,0,0,0,0,1,0
cruise_12012021.pdf,12/01/2021,5:35 PM,2020,Chevrolet,Bolt,San Francisco,1,0,2.0,Minor,Toyota,2017,No,No,No,No,No,Not Applicable,Conventional Mode,"A Cruise autonomous vehicle (""Cruise AV""), operating in manual mode, was traveling eastbound on Hayes Street between Scott Street and Divisadero Street. As the Cruise AV approached the intersection with Divisadero Street, the Cruise AV made contact with the rear bumper of a 2017 Toyota Prius that was stopped at the intersection. This caused damage to the front bumper of the Cruise AV and the rear bumper of the 2017 Toyota Prius. No injuries were reported at the scene by either party. A Cruise AV test driver later sought medical evaluation.",Clear,Dark w Street-lights,Slippery,No unusual conditions,No unusual conditions,Stopped,Head-On,Rear End,None Apparent,1,0,0,0,1,0,0,1,0,0,0,1,0,0,0,0,1,0,0,0,0,0,1,0,0,0
cruise_12112021.pdf,12/11/2021,4:47 PM,2020,Chevrolet,Bolt,San Francisco,1,1,2.0,Minor,Toyota Truck,Not Available,Yes,No,No,No,No,Not Applicable,Autonomous Mode,"A Cruise autonomous vehicle (""Cruise AV""), operating in supervised autonomous mode, was at a complete stop in response to a red light on northbound Larkin Street at the intersection with Turk Street. The Cruise AV entered the intersection on a green light and continued straight when a cyclist traveling eastbound on Turk Street entered the crosswalk. The Cruise AV braked to the cyclist and, shortly thereafter, another vehicle traveling behind the Cruise AV made contact with the Cruise AV's rear bumper, damaging the rear left bumper. The driver of the other vehicle left the scene without exchanging information. There were no injuries and police were not called.",Clear,Daylight,Dry,No unusual conditions,No unusual conditions,Making Left Turn,Rear End,Head-On,None Apparent,1,0,0,0,0,1,1,0,0,0,0,0,1,0,0,0,1,0,0,0,0,1,0,0,0,0
Cruise_Automation_010816.pdf,01/08/16,1:41 PM,2012,Nissan,Leaf,San Francisco,1,0,2.0,Not Available,Toyota Prius,Not Available,No,Yes,No,No,No,2,Conventional Mode,"A Cruise Nissan Leaf autonomous vehicle (*Cruise AV"") was in autonomous mode traveling north at approximately 20 miles per hour in the right lane of 7th Strtet. The vehicle began moving within its lane to the left, and then began correcting to the rigi, at which point the driver decided to take over manual control. After faking over manual control, the operator did not change the path of the vehicle and collided with an unoccupied Toyota Prius that was parallel parked on 7th Street approximatoly 20 feet before the intersection with Bryan Steet. The Prius sustained minor visible damago to the front left quarterpanel area. The Cruise AV sustained minor visible damage to the front right quarterpanel area. There were no injuries.",,,,,,,,,,0,0,0,0,0,0,0,0,0,0,0,0,0,0,0,0,1,0,0,0,0,0,0,0,0,0
cruise-collision-report-december-13-2019.pdf,12/13/2019,7:55 AM,2020,Chevrolet,Bolt,San Francisco,1,0,2.0,Minor,Sienna,2015,No,No,No,No,No,2,Autonomous Mode,"A Cruise autonomous vehicle (“Cruise AV”) being driven in conventional mode was involved in a collision on Delancey Street south of the intersection with Brannan Street. While the driver of the Cruise AV was reversing out of its perpendicular parking spot on Delancey, another vehicle simultaneously reversing out of its perpendicular parking spot on the opposite side of the street made contact with the rear bumper of the Cruise AV, damaging the Cruise AV’s left tail lamp assembly and rear fascia. There were no injuries reported at the scene by either party and police were not called. Days after the collision, both of the Cruise AV test operators reported injuries.",Clear,Daylight,Dry,No unusual conditions,No unusual conditions,Parking Manuever,Other,Rear End,None Apparent,1,0,0,0,0,1,1,0,0,0,1,0,0,0,0,0,1,0,0,0,0,1,0,0,1,0
cruise-collision-report-december-19-2019.pdf,12/19/2019,10:27 AM,2020,Chevrolet,Bolt,San Francisco,1,0,2.0,Minor,,,,,,,,,,"A Cruise autonomous vehicle (“Cruise AV”) operating in autonomous mode, was traveling northbound on Leavenworth Street at the intersection with Post Street when the Cruise AV yielded to a public transit bus changing into the Cruise AV’s lane from the right adjacent lane. The driver of the Cruise AV disengaged from autonomous mode and, shortly thereafter, another vehicle made contact with the left rear corner of the Cruise AV, damaging the Cruise AV’s left rear fascia and the other vehicle’s right front fascia. There were no injuries and police were not called.",Clear,Daylight,Dry,No unusual conditions,No unusual conditions,Changing Lanes,Other,Rear End,None Apparent,1,0,0,0,0,1,1,0,0,0,0,1,0,0,0,0,1,0,0,0,0,0,0,0,0,0
cruise-collision-report-december-27-2019.pdf,12/27/2019,4:56 PM,2020,Chevrolet,Bolt,San Francisco,1,0,2.0,Minor,,,,,,,,,,"A Cruise autonomous vehicle (“Cruise AV”), operating in autonomous mode, was traveling southbound on Stanyan Street at the intersection with Beulah Street when a lane-encroaching municipal city bus in the right adjacent lane attempted to pass the Cruise AV. The driver of the Cruise AV disengaged from autonomous mode and, shortly thereafter, the city bus made contact with the right side of the Cruise AV, damaging the Cruise AV’s right articulating radar casing. There were no injuries. Police were called but not dispatched to the scene.",Clear,Dusk/Dawn,Dry,No unusual conditions,No unusual conditions,Passing other Vehicle,Other,Side Swipe,None Apparent,1,0,0,0,1,0,1,0,0,0,0,1,0,0,0,0,1,0,0,0,0,0,0,0,0,0
cruise-collision-report-december-8-2019.pdf,12/08/2019,9:14 AM,2020,Chevrolet,Bolt,San Francisco,0,1,2.0,Minor,Q5,2018,Yes,No,No,No,No,2,Conventional Mode,"A Cruise autonomous vehicle (“Cruise AV”), operating in autonomous mode, was stopped at a 4-way stop on southbound 30th Avenue at the intersection with California Street when another vehicle made contact with the Cruise AV’s rear bumper, damaging the rear fascia and rear center radar assembly of the Cruise AV. There were no injuries and police were not called.",Clear,Daylight,Dry,No unusual conditions,No unusual conditions,Slowing/Stopping,Other,Rear End,None Apparent,1,0,0,0,0,1,1,0,0,0,0,0,1,0,0,0,1,0,0,0,0,1,0,0,0,0
cruise-collision-report-february-5-2020.pdf,02/05/2020,8:57 AM,2020,Cheverolet,Bolt,San Francisco,0,1,2.0,None,Lexus,2002,Yes,No,No,No,No,2,Conventional Mode,"A Cruise autonomous vehicle (""Cruise AV"") being driven in conventional mode was involved in a collision on eastbound Bush Street near the intersection with Jones Street. While the driver of the Cruise AV was stopped in traffic, another vehicle made contact with the rear bumper of the Cruise AV. There were no injuries reported at the scene by either party and police were not called. The Cruise AV test operator sitting in the front passenger seat later mentioned neck and back pain.",Clear,Daylight,Dry,No unusual conditions,No unusual conditions,Proceeding Straight,Other,Rear End,None Apparent,1,0,0,0,0,1,1,0,0,0,0,0,1,0,0,0,1,0,0,0,0,0,0,0,0,0
cruise-collision-report-february-9-2020.pdf,02/09/2020,9:16 PM,2020,Chevrolet,Bolt,San Francisco,0,1,2.0,Moderate,Lexus,2010,Yes,No,No,No,No,2,Autonomous Mode,"A Cruise autonomous vehicle (""Cruise AV""), operating in autonomous mode, was traveling southeast bound on Sickles Avenue toward the intersection with Mission Street in the left turn lane; when the Cruise AV yielded to another vehicle that encroached into the Cruise AV’s lane from the right adjacent lane. Shortly thereafter, a second vehicle made contact with the rear bumper of the Cruise AV, damaging the Cruise AV’s rear impact bar and a radar mounting bracket and the other vehicle’s front bumper. There were no injuries and police were not called.",Clear,Dark w Street-lights,Dry,No unusual conditions,No unusual conditions,Proceeding Straight,Other,Rear End,None Apparent,1,0,0,0,1,0,1,0,0,0,0,1,0,0,0,0,1,0,0,0,0,1,0,0,0,0
cruise-collision-report-january-2-2020.pdf,01/02/2020,8:24 AM,2020,Chevrolet,Bolt,San Francisco,0,1,2.0,Minor,Econoline,1998,Yes,No,No,No,No,2,Conventional Mode,"A Cruise autonomous vehicle (“Cruise AV”) being driven in conventional mode was involved in a collision on eastbound Clement Street between 24th and 25th Avenues. While the Cruise AV was parked parallel to the curb on the street, another vehicle reversing out of its parallel parking spot made contact with the front bumper of the Cruise AV, damaging the Cruise AV’s front center radar bracket assembly. There were no injuries and police were not called.",Clear,Daylight,Dry,No unusual conditions,No unusual conditions,Parking Manuever,Other,Head-On,None Apparent,1,0,0,0,0,1,1,0,0,0,1,0,0,0,0,0,1,0,0,0,0,0,1,0,0,0
cruise-collision-report-january-25-2020.pdf,1/25/2020,8:10 AM,2020,Chevrolet,Bolt,San Francisco,1,0,2.0,None,Audi,2007,No,No,No,No,No,2,Conventional Mode,"A Cruise autonomous vehicle (“Cruise AV”) being driven in conventional mode was involved in a collision on westbound 24th Street between Douglass Street and Hoffman Avenue. While the driver of the Cruise AV attempted to reverse into a parallel parking spot, the driver made contact with another parked vehicle’s front bumper, damaging the other vehicle’s front center bumper. There were no injuries and police were not called.",Clear,Daylight,Dry,No unusual conditions,No unusual conditions,Parking,Other,Other,None Apparent,1,0,0,0,0,1,1,0,1,0,0,0,0,0,0,0,1,0,0,0,0,0,0,0,0,0
cruise-collision-report-january-29-2020.pdf,1/29/2020,10:10 AM,2020,Chevrolet,Bolt,San Francisco,1,0,2.0,None,Honda,2015,Yes,No,No,No,No,2,Autonomous Mode,"A Cruise autonomous vehicle (“Cruise AV”), operating in autonomous mode, was traveling northwest bound on Columbus Street approaching the intersection with Jones Street when the Cruise AV slowed down. The driver of the Cruise AV disengaged from autonomous mode and, shortly thereafter, another vehicle, changing into the Cruise AV’s lane from the left adjacent lane, made contact with the rear bumper of the Cruise AV. There were no injuries reported at the scene by either party and police were not called. Both of the Cruise AV test operators later mentioned neck and shoulder pain.",Clear,Daylight,Dry,No unusual conditions,No unusual conditions,Proceeding Straight,Rear End,Other,None Apparent,1,0,0,0,0,1,1,0,0,0,0,1,0,0,0,0,1,0,0,0,0,0,0,0,0,0
cruise-collision-report-january-31-2020.pdf,01/31/2020,5:47 PM,2020,Chevrolet,Bolt,San Francisco,0,1,2.0,None,Ford,2008,Yes,No,No,No,No,2,Autonomous Mode,"A Cruise autonomous vehicle (“Cruise AV”), operating in autonomous mode, was making a left turn onto eastbound Duboce Avenue from southbound Castro Street when the Cruise AV yielded to an oncoming car. The driver of the Cruise AV disengaged from autonomous mode and, shortly thereafter, another vehicle made contact with the rear bumper of the Cruise AV. There were no injuries reported at the scene by either party and police were not called. Both of the Cruise AV test operators later mentioned neck and back pain.",Clear,Daylight,Dry,No unusual conditions,No unusual conditions,Proceeding Straight,Rear End,Other,None Apparent,1,0,0,0,0,1,1,0,0,0,0,0,0,1,0,0,1,0,0,0,0,0,0,0,0,0
cruise-collision-report-june-1-2020.pdf,06/01/2020,10:36 AM,2020,Chevrolet,Bolt,San Francisco,0,1,2.0,Minor,Chevrolet Astro,Not Available,Yes,No,No,No,No,2,Autonomous Mode,"A Cruise autonomous vehicle (“Cruise AV”), operating in autonomous mode, was coming to a complete stop in response to stopped traffic on southwest bound Mission Street near the intersection with 10th Street when another vehicle approaching from the rear made contact with the Cruise AV’s rear bumper, damaging the rear right fascia light bracket. The driver of the other vehicle left the scene without exchanging information. Both of the Cruise AV test operators mentioned back pain at the scene but police were not called.",Clear,Daylight,Dry,No unusual conditions,No unusual conditions,Proceeding Straight,Other,Rear End,None Apparent,1,0,0,0,0,1,1,0,0,0,0,0,1,0,0,0,1,0,0,0,0,1,0,0,0,0
cruise-collision-report-november-10-2019.pdf,11/10/2019,12:55 AM,2020,Chevrolet,Bolt,San Francisco,0,1,2.0,Moderate,,,,,,,,,,"A Cruise autonomous vehicle (“Cruise AV”) was involved in a collision while parked in conventional mode on the westbound side of Vallejo Street near the intersection with Polk Street. While the Cruise AV was parked parallel to the curb on the street, another vehicle traveling westbound on Vallejo in the left adjacent traffic lane sideswiped and made contact with the left side of the Cruise AV and the parked vehicle in front of the Cruise AV, damaging the Cruise AV’s driver’s side mirror, camera, articulating radar assembly, and doors. The driver of the other vehicle left the scene without exchanging information. There were no injuries and police were not called.",Clear,Dark w Street-lights,Dry,No unusual conditions,No unusual conditions,Proceeding Straight,Other,Side Swipe,None Apparent,1,0,0,0,1,0,1,0,0,0,1,0,0,0,0,0,1,0,0,0,0,0,0,0,0,0
cruise-collision-report-november-18-2019.pdf,11/18/2019,9:45 AM,2020,Chevrolet,Bolt,San Francisco,1,0,2.0,Minor,RX350,2015,Yes,No,No,No,No,2,Conventional Mode,"A Cruise autonomous vehicle (“Cruise AV”) being driven in conventional mode was involved in a collision while traveling eastbound on 13th Street near the intersection with Bryant Street. While pulling up behind another vehicle in the left turn lane, the driver of the Cruise AV accelerated and made contact with the other vehicle’s right rear bumper, damaging the Cruise AV’s front right headlight, front center radar, and radar assembly. There were no injuries and police were not called.",Clear,Daylight,Dry,No unusual conditions,No unusual conditions,Slowing/Stopping,Rear End,Other,None Apparent,1,0,0,0,0,1,1,0,0,0,0,0,1,0,0,0,1,0,0,0,0,0,1,0,1,0
cruise-collision-report-november-25-2019.pdf,11/25/2019,7:00 PM,2020,Chevrolet,Bolt,San Francisco,0,1,2.0,Minor,Ranger,1999,Yes,No,No,No,No,2,Autonomous Mode,"A Cruise autonomous vehicle (“Cruise AV”), operating in autonomous mode, was making a right turn from eastbound California Street onto southbound Hyde Street when another vehicle made contact with the Cruise AV’s rear bumper, damaging the rear fascia and the rear center radars. There were no injuries reported at the scene by either party and police were not called. Days after the collision, the Cruise AV test operator sitting in the driver's seat reported injuries. [originally filed 12/4/2019, amended 12/16/2019]",Clear,Dark w Street-lights,Dry,No unusual conditions,No unusual conditions,Making Right Turn,Other,Rear End,None Apparent,1,0,0,0,1,0,1,0,0,0,0,0,0,1,0,0,1,0,0,0,0,1,0,0,0,0
cruise-collision-report-november-29-2019.pdf,11/29/2019,10:41 AM,2020,Chevrolet,Bolt,San Francisco,1,0,2.0,Moderate,Audi Q4,2014,Yes,No,No,No,No,2,Conventional Mode,"A Cruise autonomous vehicle (“Cruise AV”), operating in autonomous mode, was traveling southeast bound on The Embarcadero at the intersection with Washington Street when the Cruise AV slowed down. The driver of the Cruise AV disengaged from autonomous mode and, shortly thereafter, another vehicle made contact with the rear bumper of the Cruise AV, damaging the Cruise AV’s rear fascia assembly and radars. There were no injuries reported at the scene by either party and police were not called. Both of the Cruise AV test operators later mentioned neck and back pain.",Clear,Daylight,Dry,No unusual conditions,No unusual conditions,Proceeding Straight,Other,Rear End,None Apparent,1,0,0,0,0,1,1,0,0,0,0,1,0,0,0,0,1,0,0,0,0,1,0,0,0,0
cruise-collision-report-november-9-2019.pdf,11/09/2019,9:59 AM,2020,Chevrolet,Bolt,San Francisco,0,1,3.0,Minor,Yamaha YZF-R3,2016,Yes,No,No,No,No,3,Conventional Mode,"A Cruise autonomous vehicle (“Cruise AV”), operating in autonomous mode, was traveling southeast bound on 11th Street between Howard and Folsom Streets when the Cruise AV slowed down for a passing motorcyclist behind it. The driver of the Cruise AV disengaged from autonomous mode and, shortly thereafter, the motorcyclist made contact with the left rear corner of the Cruise AV. The collision resulted in damage to both the Cruise AV and the motorcycle. There were no injuries and police were not called.",Clear,Daylight,Dry,No unusual conditions,No unusual conditions,Passing other Vehicle,Other,Side Swipe,None Apparent,1,0,0,0,0,1,1,0,0,0,0,0,1,0,0,0,1,0,0,0,0,1,0,0,0,0
cruise-collision-report-october-17-2019.pdf,10/17/2019,1:05 AM,2020,Cheverolet,Bolt,San Francisco,0,1,2.0,Minor,,,,,,,,,,"A Cruise autonomous vehicle (“Cruise AV”), operating in autonomous mode, was stopped at a red light on southbound Hyde Street at the intersection with Sutter Street when another vehicle behind the Cruise AV attempted to change into the right adjacent lane and made contact with the right rear corner of the Cruise AV, damaging the Cruise AV’s right rear radar and assembly. There were no injuries and police were not called.",,,,,,,,,,0,0,0,0,0,0,0,0,0,0,0,0,0,0,0,0,1,0,0,0,0,0,0,0,0,0
cruise-collision-report-october-26-2019.pdf,10/26/2019,11:05 AM,2020,Chevrolet,Bolt,San Francisco,1,0,2.0,Minor,Accord,2007,Yes,No,No,No,No,2,Conventional Mode,"A Cruise autonomous vehicle (“Cruise AV”), operating in autonomous mode, was traveling southeast bound on The Embarcadero near the intersection with Battery Street when the Cruise AV yielded to another vehicle in the left adjacent lane that encroached into the Cruise AV’s lane. The driver of the Cruise AV disengaged from autonomous mode and, shortly thereafter, a second vehicle behind the Cruise AV made contact with the rear bumper of the Cruise AV, damaging the Cruise AV’s right rear bumper, fascia, signal lamp, and radar assembly. There were no injuries reported at the scene by either party and police were not called. Both of the Cruise AV test operators later mentioned neck and back injuries.",Clear,Daylight,Dry,No unusual conditions,No unusual conditions,Proceeding Straight,Other,Rear End,None Apparent,1,0,0,0,0,1,1,0,0,0,0,1,0,0,0,0,1,0,0,0,0,1,0,0,0,0
cruise-collision-report-october-27-2019.pdf,10/27/2019,1:50 PM,2020,Chevrolet,Bolt,San Francisco,1,0,2.0,Minor,Civic,2006,Yes,No,No,No,No,2,Conventional Mode,"A Cruise autonomous vehicle (“Cruise AV”) being driven in conventional mode was involved in a collision while traveling in a private parking lot on the block located between Marina Boulevard and North Point Street on the north and south boundaries and Buchanan and Laguna Streets on the west and east boundaries, respectively. While the driver of the Cruise AV reversed out of its diagonal parking spot, another vehicle simultaneously reversing out of its diagonal parking spot on the other side made contact with the right rear corner of the Cruise AV, damaging the Cruise AV’s right rear tail lamp assembly. There were no injuries and police were not called.",Clear,Daylight,Dry,No unusual conditions,No unusual conditions,Parking Manuever,Other,Rear End,None Apparent,1,0,0,0,0,1,1,0,0,0,1,0,0,0,0,0,1,0,0,0,0,1,0,0,0,0
cruise-collision-report-october-28-2019.pdf,10/28/2019,2:42 PM,2020,Chevrolet,Bolt,San Francisco,1,0,1.0,None,unk,Not Available,Yes,No,No,Yes,No,1,Conventional Mode,"A Cruise autonomous vehicle (“Cruise AV”), operating in autonomous mode, was traveling southeast bound on Howard Street near the intersection with 9th Street when a bicyclist in the right adjacent dedicated bike lane veered away from a wayward pedestrian throwing an unknown object in the bicyclist's direction in the crosswalk. The driver of the Cruise AV disengaged from autonomous mode and, shortly thereafter, the bicyclist veered into the Cruise AV's lane and made contact with the right front passenger door of the Cruise AV. No injuries were reported at the scene by either party. Police were called but not dispatched to the scene. The bicyclist later reported injuries.",Clear,Daylight,Dry,No unusual conditions,No unusual conditions,Other,Other,Side Swipe,None Apparent,1,0,0,0,0,1,1,0,0,0,0,1,0,0,1,0,1,0,0,0,0,0,0,0,0,0
Delphi_101414.pdf,10/14/2015,7:27 PM,2014,Audi,SQ5,Palo Alto,0,1,2.0,Not Available,Honda Civic,2012,Yes,No,No,No,No,2,Conventional Mode,"The Auli, in conventional mode, transitloned from Byron to San Antonio E/B and waited in the merge pooket for traffic to dent. After approximately 20 seconds of waiting stationary for traffic to clear, a Honda was observed to the left corsing over the elevated center island The Honda hit the right foot of Audi and continues to go over another center island at 25-30 mph. Honda came to a stop approximately
75-100 yurds from impact heading W/S it tho E/B lano. Audi vehlele damago includes right fender, front bumper/fascia.",,,,,,,,,,0,0,0,0,0,0,0,0,0,0,0,0,0,0,0,0,0,0,1,0,0,0,0,0,0,0
ghostautonomy_08142023.pdf,08/14/2023,2:20 PM,2017,Toyota,Camry,Mountain View,0,1,,Minor,Not Available,Not Available,No,No,No,No,No,Not Applicable,Conventional Mode,"A registered Ghost AV Test vehicle was hit by crash debris while traveling on I-680 N. The Ghost vehicle neither hit nor was hit by another vehicle. The Ghost car was traveling in AV mode with a registered AV Test Driver behind the wheel and an additional Safety Co-Driver in the passenger seat. Traffic slowed quickly due to a crash ahead of the Ghost car. Consistent with their training, the Ghost driver took control by braking and disengaging the autonomous system. The Ghost car stopped without impacting the preceding car. A Mercedes car immediately following the Ghost car also came to a stop without impacting the Ghost car. Ghost's understanding based on communications at the scene is that a Grand Cherokee traveling behind the Mercedes tried to swerve to avoid impacting the Mercedes but clipped the Mercedes and rolled over. To Ghost's knowledge, nobody in the Grand Cherokee was injured. The Ghost drivers heard a noise and then found that the rear bumper of the Ghost car had been damaged, which Ghost believes resulted from crash debris. The Ghost drivers drove the Ghost car back to the garage in conventional mode.",Wind,Dark w Non-functioning Street-lights,Slippery,Other,No unusual conditions,Other,Other,Other,CVC Sections Not Violated,1,0,0,0,0,1,1,0,0,0,0,0,1,0,0,0,0,0,1,0,0,1,0,0,0,0
gm-cruise-collision-report-april-3-2019.pdf,4/3/2019,8:32 PM,2019,Chevrolet,Bolt,San Francisco,0,1,2.0,Minor,Bolt,2019,Yes,No,Yes,No,No,2,Conventional Mode,"Two Cruise autonomous vehicles (“Cruise AV 1” and “Cruise AV 2”), both operating in conventional mode, were stopped side-by-side at the traffic light on southbound Potrero Avenue at the intersection with Alameda Street when a pedestrian in the crosswalk approached both Cruise AVs in the street. The pedestrian struck both vehicles with a foreign object, scratching the front right bumper of Cruise AV 1 and denting the front driver side door of Cruise AV 2. Both drivers of the Cruise AVs immediately drove to safer locations after the incident and contacted the police. There were no injuries. The police later took statements from both drivers of the Cruise AVs and a report was filed as SFPD incident report number 190236884.",Clear,Dark w Street-lights,Dry,No unusual conditions,No unusual conditions,Making Right Turn,Other,Other,None Apparent,1,0,0,0,1,0,1,0,0,0,0,0,1,0,1,0,1,0,0,0,0,0,1,0,1,0
gm-cruise-collision-report-august-10-2019.pdf,08/10/2019,11:39 PM,2020,Chevrolet,Bolt,San Francisco,0,1,2.0,Minor,Taurus,2000,Yes,No,No,No,No,2,Conventional Mode,"A Cruise autonomous vehicle (“Cruise AV”), operating in autonomous mode, was traveling northbound on Noe Street at the intersection with 14th Street when the Cruise AV yielded to a pedestrian in the north crosswalk. The driver of the Cruise AV disengaged from autonomous mode, and shortly thereafter, another vehicle attempting a left turn from southbound Noe onto eastbound 14th made contact with the left rear corner of the Cruise AV, damaging the Cruise AV’s left rear fascia and wheel well. There were no injuries reported at the scene by either party and police were not called.",Clear,Dark w Street-lights,Dry,No unusual conditions,No unusual conditions,Making Left Turn,Other,Broadside,None Apparent,1,0,0,0,1,0,1,0,0,0,0,0,1,0,0,0,1,0,0,0,0,1,0,0,1,1
gm-cruise-collision-report-august-22-2019.pdf,08/22/2019,1:13 PM,2020,Chevrolet,Bolt,San Francisco,1,0,2.0,Minor,Chevrolet,Not Available,Yes,No,No,No,No,2,Autonomous Mode,"A Cruise autonomous vehicle (“Cruise AV”), operating in autonomous mode, was traveling westbound on Geary Boulevard between 32nd and 33rd Avenues when another vehicle, traveling in the right adjacent lane, changed into the same lane as the Cruise AV and made contact with the right rear corner of the Cruise AV, damaging the Cruise AV’s right rear fascia and bumper. There were no injuries and police were not called.",Clear,Daylight,Dry,No unusual conditions,No unusual conditions,Changing Lanes,Other,Rear End,None Apparent,1,0,0,0,0,1,1,0,0,0,0,1,0,0,0,0,1,0,0,0,0,1,0,1,0,0
gm-cruise-collision-report-august-26-2019.pdf,8/26/2019,9:14 PM,2020,Chevrolet,Bolt,San Francisco,1,0,2.0,None,Not Available,Not Available,Yes,No,No,No,Electric Scooterist,2,Conventional Mode,"A Cruise autonomous vehicle (“Cruise AV”), operating in autonomous mode, was traveling westbound on Division Street between Potrero Avenue and Bryant Street when the Cruise AV slowed down in the right turn lane. The driver of the Cruise AV disengaged from autonomous mode, and shortly thereafter, an electric scooterist traveling in the same lane made contact with the rear bumper and fascia of the Cruise AV. The scooterist reported injuries and emergency services and the police arrived at the scene. SFPD incident report number 190633860 was not available at the time of filing of this report.",Clear,Dark w Street-lights,Dry,No unusual conditions,No unusual conditions,Proceeding Straight,Other,Rear End,CVC Sections Violated,1,0,0,0,1,0,1,0,0,0,0,0,1,0,0,0,1,0,0,0,0,0,0,0,0,0